<?xml version="1.0" encoding="UTF-8"?>
<control-registry basedir="webclient\controls" package="psdi.webclient.controls" xsi:noNamespaceSchemaLocation='../control-registry.xsd' xmlns:xsi="http://www.w3.org/2001/XMLSchema-instance" xmlns:xsd="http://www.w3.org/2001/XMLSchema">
	<control-descriptor name="habim">
		<property-list>
			<property name="id">
				<flag name="final"/>
			</property>
		</property-list>
		<component-list>
			<components id="co" layout="horizontal">
				<habimcomponent id="component1"/>
			</components>
		</component-list>
		<containers>
			<container name="section"/>
		</containers>
	</control-descriptor>
</control-registry>